<drawing><figures><ent id="0"><children><r id="1" x="146" y="79" w="80" h="40"><a><fillColor><color rgba="#ffebffe8"/></fillColor></a></r><t id="2" x="162.1904296875" y="92.015625"><a><text><string>Korisnik</string></text></a></t></children></ent><atr id="3" nullable="false" attributeType="VARCHAR2(128)"><children><e id="4" x="-6" y="140" w="120.154296875" h="20"><a><fillColor><color rgba="#ffffebeb"/></fillColor></a></e><t id="5" x="2.6259765625" y="143.015625"><a><text><string>data_na_ragjanje</string></text></a></t></children></atr><lcf id="6"><points><p colinear="true" x="79.94437423406862" y="140" c1x="0" c1y="0" c2x="0" c2y="0"/><p colinear="true" x="146" y="114.46358326732746" c1x="0" c1y="0" c2x="0" c2y="0"/></points><startConnector><rConnector id="7"><Owner><atr ref="3"/></Owner></rConnector></startConnector><endConnector><rConnector id="8"><Owner><ent ref="0"/></Owner></rConnector></endConnector></lcf><atr id="9" nullable="false" attributeType="VARCHAR2(128)"><children><e id="a" x="264" y="76" w="80" h="20"><a><fillColor><color rgba="#ffffebeb"/></fillColor></a></e><t id="b" x="295.3427734375" y="79.015625"><a><text><string>cel</string></text></a></t></children></atr><lcf id="c"><points><p colinear="true" x="264" y="90.40677966101696" c1x="0" c1y="0" c2x="0" c2y="0"/><p colinear="true" x="226" y="94.59322033898306" c1x="0" c1y="0" c2x="0" c2y="0"/></points><startConnector><rConnector id="d"><Owner><atr ref="9"/></Owner></rConnector></startConnector><endConnector><rConnector id="e"><Owner><ent ref="0"/></Owner></rConnector></endConnector></lcf><atr id="f" nullable="false" attributeType="VARCHAR2(128)"><children><e id="10" x="498" y="15" w="80" h="20"><a><fillColor><color rgba="#ffffebeb"/></fillColor></a></e><t id="11" x="524.095703125" y="18.015625"><a><text><string>chas</string></text></a></t></children></atr><ent id="12"><children><r id="13" x="692" y="73" w="80" h="40"><a><fillColor><color rgba="#ffebffe8"/></fillColor></a></r><t id="14" x="713.8564453125" y="86.015625"><a><text><string>Obrok</string></text></a></t></children></ent><rel id="15"><children><diamond id="16" x="570" y="75" w="80" h="40"><a><fillColor><color rgba="#ffddddff"/></fillColor></a></diamond><t id="17" x="577.984375" y="88.015625"><a><text><string>Konzumira</string></text></a></t></children></rel><atrchave id="18" nullable="false" attributeType="NUMBER"><children><e id="19" x="70" y="170" w="80" h="20"><a><fillColor><color rgba="#ffffebeb"/></fillColor></a></e><t id="1a" x="85.77734375" y="173.015625"><a><fontUnderlined><boolean>true</boolean></fontUnderlined><fontBold><boolean>true</boolean></fontBold><text><string>user_id</string></text></a></t></children></atrchave><lcf id="1b"><points><p colinear="true" x="119.38271604938271" y="170" c1x="0" c1y="0" c2x="0" c2y="0"/><p colinear="true" x="167.23456790123458" y="119" c1x="0" c1y="0" c2x="0" c2y="0"/></points><startConnector><rConnector id="1c"><Owner><atrchave ref="18"/></Owner></rConnector></startConnector><endConnector><rConnector id="1d"><Owner><ent ref="0"/></Owner></rConnector></endConnector></lcf><llabelUm id="1e"><points><p colinear="true" x="692" y="93.65573770491804" c1x="0" c1y="0" c2x="0" c2y="0"/><p colinear="true" x="650" y="94.34426229508196" c1x="0" c1y="0" c2x="0" c2y="0"/></points><startConnector><rConnector id="1f"><Owner><ent ref="12"/></Owner></rConnector></startConnector><endConnector><rConnector id="20"><Owner><rel ref="15"/></Owner></rConnector></endConnector></llabelUm><atrchave id="21" nullable="false" attributeType="NUMBER"><children><e id="22" x="674" y="34" w="80" h="20"><a><fillColor><color rgba="#ffffebeb"/></fillColor></a></e><t id="23" x="685.16015625" y="37.015625"><a><fontUnderlined><boolean>true</boolean></fontUnderlined><fontBold><boolean>true</boolean></fontBold><text><string>id_obrok</string></text></a></t></children></atrchave><lcf id="24"><points><p colinear="true" x="717.6734693877551" y="54" c1x="0" c1y="0" c2x="0" c2y="0"/><p colinear="true" x="724.6530612244898" y="73" c1x="0" c1y="0" c2x="0" c2y="0"/></points><startConnector><rConnector id="25"><Owner><atrchave ref="21"/></Owner></rConnector></startConnector><endConnector><rConnector id="26"><Owner><ent ref="12"/></Owner></rConnector></endConnector></lcf><atr id="27" nullable="false" attributeType="VARCHAR2(128)"><children><e id="28" x="181" y="20" w="80" h="20"><a><fillColor><color rgba="#ffffebeb"/></fillColor></a></e><t id="29" x="203.509765625" y="23.015625"><a><text><string>visina</string></text></a></t></children></atr><atr id="2a" nullable="false" attributeType="VARCHAR2(128)"><children><e id="2b" x="241" y="46" w="80" h="20"><a><fillColor><color rgba="#ffffebeb"/></fillColor></a></e><t id="2c" x="258.857421875" y="49.015625"><a><text><string>tezhina</string></text></a></t></children></atr><lcf id="2d"><points><p colinear="true" x="215.92753623188406" y="40" c1x="0" c1y="0" c2x="0" c2y="0"/><p colinear="true" x="196.14492753623188" y="79" c1x="0" c1y="0" c2x="0" c2y="0"/></points><startConnector><rConnector id="2e"><Owner><atr ref="27"/></Owner></rConnector></startConnector><endConnector><rConnector id="2f"><Owner><ent ref="0"/></Owner></rConnector></endConnector></lcf><lcf id="30"><points><p colinear="true" x="258.90697674418607" y="66" c1x="0" c1y="0" c2x="0" c2y="0"/><p colinear="true" x="226" y="80.89473684210526" c1x="0" c1y="0" c2x="0" c2y="0"/></points><startConnector><rConnector id="31"><Owner><atr ref="2a"/></Owner></rConnector></startConnector><endConnector><rConnector id="32"><Owner><ent ref="0"/></Owner></rConnector></endConnector></lcf><ent id="33"><children><r id="34" x="656" y="258" w="80" h="40"><a><fillColor><color rgba="#ffebffe8"/></fillColor></a></r><t id="35" x="677.865234375" y="271.015625"><a><text><string>Hrana</string></text></a></t></children></ent><rel id="36"><children><diamond id="37" x="659" y="198" w="80" h="40"><a><fillColor><color rgba="#ffddddff"/></fillColor></a></diamond><t id="38" x="686.0537109375" y="211.015625"><a><text><string>Jade</string></text></a></t></children></rel><atr id="39" nullable="false" attributeType="VARCHAR2(128)"><children><e id="3a" x="546" y="181" w="114.306640625" h="20"><a><fillColor><color rgba="#ffffebeb"/></fillColor></a></e><t id="3b" x="556" y="184.015625"><a><text><string>kolichina_hrana</string></text></a></t></children></atr><lcf id="3c"><points><p colinear="true" x="638.6520905671297" y="201" c1x="0" c1y="0" c2x="0" c2y="0"/><p colinear="true" x="659" y="206.73200403476417" c1x="0" c1y="0" c2x="0" c2y="0"/></points><startConnector><rConnector id="3d"><Owner><atr ref="39"/></Owner></rConnector></startConnector><endConnector><rConnector id="3e"><Owner><rel ref="36"/></Owner></rConnector></endConnector></lcf><llabelMuitos id="3f"><points><p colinear="true" x="726.72" y="113" c1x="0" c1y="0" c2x="0" c2y="0"/><p colinear="true" x="704.28" y="198" c1x="0" c1y="0" c2x="0" c2y="0"/></points><startConnector><rConnector id="40"><Owner><ent ref="12"/></Owner></rConnector></startConnector><endConnector><rConnector id="41"><Owner><rel ref="36"/></Owner></rConnector></endConnector></llabelMuitos><llabelMuitos id="42"><points><p colinear="true" x="697" y="258" c1x="0" c1y="0" c2x="0" c2y="0"/><p colinear="true" x="698" y="238" c1x="0" c1y="0" c2x="0" c2y="0"/></points><startConnector><rConnector id="43"><Owner><ent ref="33"/></Owner></rConnector></startConnector><endConnector><rConnector id="44"><Owner><rel ref="36"/></Owner></rConnector></endConnector></llabelMuitos><atr id="45" nullable="false" attributeType="VARCHAR2(128)"><children><e id="46" x="469" y="269" w="80" h="20"><a><fillColor><color rgba="#ffffebeb"/></fillColor></a></e><t id="47" x="472.7275390625" y="272.015625"><a><text><string>naziv_hrana</string></text></a></t></children></atr><atr id="48" nullable="false" attributeType="VARCHAR2(128)"><children><e id="49" x="509" y="299" w="80" h="20"><a><fillColor><color rgba="#ffffebeb"/></fillColor></a></e><t id="4a" x="530.7099609375" y="302.015625"><a><text><string>kalorii</string></text></a></t></children></atr><atr id="4b" nullable="false" attributeType="VARCHAR2(128)"><children><e id="4c" x="585" y="324" w="80" h="20"><a><fillColor><color rgba="#ffffebeb"/></fillColor></a></e><t id="4d" x="601.873046875" y="327.015625"><a><text><string>proteini</string></text></a></t></children></atr><atr id="4e" nullable="false" attributeType="VARCHAR2(128)"><children><e id="4f" x="653" y="348" w="80" h="20"><a><fillColor><color rgba="#ffffebeb"/></fillColor></a></e><t id="50" x="676.3330078125" y="351.015625"><a><text><string>masti</string></text></a></t></children></atr><lcf id="51"><points><p colinear="true" x="549" y="278.7860962566845" c1x="0" c1y="0" c2x="0" c2y="0"/><p colinear="true" x="656" y="278.2139037433155" c1x="0" c1y="0" c2x="0" c2y="0"/></points><startConnector><rConnector id="52"><Owner><atr ref="45"/></Owner></rConnector></startConnector><endConnector><rConnector id="53"><Owner><ent ref="33"/></Owner></rConnector></endConnector></lcf><atrchave id="54" nullable="false" attributeType="NUMBER"><children><e id="55" x="547" y="234" w="80" h="20"><a><fillColor><color rgba="#ffffebeb"/></fillColor></a></e><t id="56" x="562.4990234375" y="237.015625"><a><fontUnderlined><boolean>true</boolean></fontUnderlined><fontBold><boolean>true</boolean></fontBold><text><string>food_id</string></text></a></t></children></atrchave><lcf id="57"><points><p colinear="true" x="619.0588235294117" y="254" c1x="0" c1y="0" c2x="0" c2y="0"/><p colinear="true" x="656" y="265.5229357798165" c1x="0" c1y="0" c2x="0" c2y="0"/></points><startConnector><rConnector id="58"><Owner><atrchave ref="54"/></Owner></rConnector></startConnector><endConnector><rConnector id="59"><Owner><ent ref="33"/></Owner></rConnector></endConnector></lcf><lcf id="5a"><points><p colinear="true" x="589" y="300.5646258503401" c1x="0" c1y="0" c2x="0" c2y="0"/><p colinear="true" x="656" y="286.4353741496599" c1x="0" c1y="0" c2x="0" c2y="0"/></points><startConnector><rConnector id="5b"><Owner><atr ref="48"/></Owner></rConnector></startConnector><endConnector><rConnector id="5c"><Owner><ent ref="33"/></Owner></rConnector></endConnector></lcf><lcf id="5d"><points><p colinear="true" x="637.6785714285714" y="324" c1x="0" c1y="0" c2x="0" c2y="0"/><p colinear="true" x="670.6428571428571" y="298" c1x="0" c1y="0" c2x="0" c2y="0"/></points><startConnector><rConnector id="5e"><Owner><atr ref="4b"/></Owner></rConnector></startConnector><endConnector><rConnector id="5f"><Owner><ent ref="33"/></Owner></rConnector></endConnector></lcf><lcf id="60"><points><p colinear="true" x="693.375" y="348" c1x="0" c1y="0" c2x="0" c2y="0"/><p colinear="true" x="695.25" y="298" c1x="0" c1y="0" c2x="0" c2y="0"/></points><startConnector><rConnector id="61"><Owner><atr ref="4e"/></Owner></rConnector></startConnector><endConnector><rConnector id="62"><Owner><ent ref="33"/></Owner></rConnector></endConnector></lcf><ent id="63"><children><r id="64" x="908" y="126" w="80" h="40"><a><fillColor><color rgba="#ffebffe8"/></fillColor></a></r><t id="65" x="930.2255859375" y="139.015625"><a><text><string>Pialok</string></text></a></t></children></ent><rel id="66"><children><diamond id="67" x="794" y="115" w="80" h="40"><a><fillColor><color rgba="#ffddddff"/></fillColor></a></diamond><t id="68" x="825.0234375" y="128.015625"><a><text><string>Pie</string></text></a></t></children></rel><atr id="69" nullable="false" attributeType="VARCHAR2(128)"><children><e id="6a" x="795" y="81" w="103.115234375" h="20"><a><fillColor><color rgba="#ffffebeb"/></fillColor></a></e><t id="6b" x="805" y="84.015625"><a><text><string>kolichina_litar</string></text></a></t></children></atr><lcf id="6c"><points><p colinear="true" x="843.70361328125" y="101" c1x="0" c1y="0" c2x="0" c2y="0"/><p colinear="true" x="839.7080078125" y="115" c1x="0" c1y="0" c2x="0" c2y="0"/></points><startConnector><rConnector id="6d"><Owner><atr ref="69"/></Owner></rConnector></startConnector><endConnector><rConnector id="6e"><Owner><rel ref="66"/></Owner></rConnector></endConnector></lcf><llabelMuitos id="6f"><points><p colinear="true" x="772" y="109.47058823529412" c1x="0" c1y="0" c2x="0" c2y="0"/><p colinear="true" x="794" y="118.52941176470588" c1x="0" c1y="0" c2x="0" c2y="0"/></points><startConnector><rConnector id="70"><Owner><ent ref="12"/></Owner></rConnector></startConnector><endConnector><rConnector id="71"><Owner><rel ref="66"/></Owner></rConnector></endConnector></llabelMuitos><llabelMuitos id="72"><points><p colinear="true" x="874" y="138.859649122807" c1x="0" c1y="0" c2x="0" c2y="0"/><p colinear="true" x="908" y="142.140350877193" c1x="0" c1y="0" c2x="0" c2y="0"/></points><startConnector><rConnector id="73"><Owner><rel ref="66"/></Owner></rConnector></startConnector><endConnector><rConnector id="74"><Owner><ent ref="63"/></Owner></rConnector></endConnector></llabelMuitos><atrchave id="75" nullable="false" attributeType="NUMBER"><children><e id="76" x="810" y="178" w="80" h="20"><a><fillColor><color rgba="#ffffebeb"/></fillColor></a></e><t id="77" x="823.076171875" y="181.015625"><a><fontUnderlined><boolean>true</boolean></fontUnderlined><fontBold><boolean>true</boolean></fontBold><text><string>drink_id</string></text></a></t></children></atrchave><atr id="78" nullable="false" attributeType="VARCHAR2(128)"><children><e id="79" x="917" y="186" w="80" h="20"><a><fillColor><color rgba="#ffffebeb"/></fillColor></a></e><t id="7a" x="920.1884765625" y="189.015625"><a><text><string>naziv_pialok</string></text></a></t></children></atr><atr id="7b" nullable="false" attributeType="VARCHAR2(128)"><children><e id="7c" x="1011" y="148" w="80" h="20"><a><fillColor><color rgba="#ffffebeb"/></fillColor></a></e><t id="7d" x="1029.3701171875" y="151.015625"><a><text><string>alkohol</string></text></a></t></children></atr><atr id="7e" nullable="false" attributeType="VARCHAR2(128)"><children><e id="7f" x="1004" y="109" w="125.375" h="20"><a><fillColor><color rgba="#ffffebeb"/></fillColor></a></e><t id="80" x="1012.9072265625" y="112.015625"><a><text><string>hranliva_vrednost</string></text></a></t></children></atr><lcf id="81"><points><p colinear="true" x="873.3333333333334" y="178" c1x="0" c1y="0" c2x="0" c2y="0"/><p colinear="true" x="908" y="163.14285714285717" c1x="0" c1y="0" c2x="0" c2y="0"/></points><startConnector><rConnector id="82"><Owner><atrchave ref="75"/></Owner></rConnector></startConnector><endConnector><rConnector id="83"><Owner><ent ref="63"/></Owner></rConnector></endConnector></lcf><lcf id="84"><points><p colinear="true" x="955.2" y="186" c1x="0" c1y="0" c2x="0" c2y="0"/><p colinear="true" x="951.6" y="166" c1x="0" c1y="0" c2x="0" c2y="0"/></points><startConnector><rConnector id="85"><Owner><atr ref="78"/></Owner></rConnector></startConnector><endConnector><rConnector id="86"><Owner><ent ref="63"/></Owner></rConnector></endConnector></lcf><lcf id="87"><points><p colinear="true" x="1011" y="153.3398058252427" c1x="0" c1y="0" c2x="0" c2y="0"/><p colinear="true" x="988" y="150.6601941747573" c1x="0" c1y="0" c2x="0" c2y="0"/></points><startConnector><rConnector id="88"><Owner><atr ref="7b"/></Owner></rConnector></startConnector><endConnector><rConnector id="89"><Owner><ent ref="63"/></Owner></rConnector></endConnector></lcf><lcf id="8a"><points><p colinear="true" x="1022.7291666666666" y="129" c1x="0" c1y="0" c2x="0" c2y="0"/><p colinear="true" x="988" y="136.9004739336493" c1x="0" c1y="0" c2x="0" c2y="0"/></points><startConnector><rConnector id="8b"><Owner><atr ref="7e"/></Owner></rConnector></startConnector><endConnector><rConnector id="8c"><Owner><ent ref="63"/></Owner></rConnector></endConnector></lcf><ent id="8d"><children><r id="8e" x="1188" y="88" w="80" h="40"><a><fillColor><color rgba="#ffebffe8"/></fillColor></a></r><t id="8f" x="1195.5302734375" y="101.015625"><a><text><string>Suplement</string></text></a></t></children></ent><rel id="90"><children><diamond id="91" x="866" y="12" w="80" h="40"><a><fillColor><color rgba="#ffddddff"/></fillColor></a></diamond><t id="92" x="887.115234375" y="25.015625"><a><text><string>Koristi</string></text></a></t></children></rel><llabelMuitos id="93"><points><p colinear="true" x="772" y="78.97701149425288" c1x="0" c1y="0" c2x="0" c2y="0"/><p colinear="true" x="866" y="46.02298850574713" c1x="0" c1y="0" c2x="0" c2y="0"/></points><startConnector><rConnector id="94"><Owner><ent ref="12"/></Owner></rConnector></startConnector><endConnector><rConnector id="95"><Owner><rel ref="90"/></Owner></rConnector></endConnector></llabelMuitos><llabelMuitos id="96"><points><p colinear="true" x="946" y="41.440993788819874" c1x="0" c1y="0" c2x="0" c2y="0"/><p colinear="true" x="1188" y="98.55900621118013" c1x="0" c1y="0" c2x="0" c2y="0"/></points><startConnector><rConnector id="97"><Owner><rel ref="90"/></Owner></rConnector></startConnector><endConnector><rConnector id="98"><Owner><ent ref="8d"/></Owner></rConnector></endConnector></llabelMuitos><atrchave id="99" nullable="false" attributeType="NUMBER"><children><e id="9a" x="1135" y="37" w="80" h="20"><a><fillColor><color rgba="#ffffebeb"/></fillColor></a></e><t id="9b" x="1153.5107421875" y="40.015625"><a><fontUnderlined><boolean>true</boolean></fontUnderlined><fontBold><boolean>true</boolean></fontBold><text><string>sup_id</string></text></a></t></children></atrchave><atr id="9c" nullable="false" attributeType="VARCHAR2(128)"><children><e id="9d" x="1238" y="41" w="111.98046875" h="20"><a><fillColor><color rgba="#ffffebeb"/></fillColor></a></e><t id="9e" x="1248" y="44.015625"><a><text><string>ime_suplement</string></text></a></t></children></atr><atr id="9f" nullable="false" attributeType="VARCHAR2(128)"><children><e id="a0" x="1157" y="151" w="114.119140625" h="20"><a><fillColor><color rgba="#ffffebeb"/></fillColor></a></e><t id="a1" x="1167" y="154.015625"><a><text><string>opis_suplement</string></text></a></t></children></atr><atr id="a2" nullable="false" attributeType="VARCHAR2(128)"><children><e id="a3" x="910" y="75" w="145.4609375" h="20"><a><fillColor><color rgba="#ffffebeb"/></fillColor></a></e><t id="a4" x="920" y="78.015625"><a><text><string>kolichinakolichina_gr</string></text></a></t></children></atr><lcf id="a5"><points><p colinear="true" x="934.9548938679245" y="52" c1x="0" c1y="0" c2x="0" c2y="0"/><p colinear="true" x="968.2530218160377" y="75" c1x="0" c1y="0" c2x="0" c2y="0"/></points><startConnector><rConnector id="a6"><Owner><rel ref="90"/></Owner></rConnector></startConnector><endConnector><rConnector id="a7"><Owner><atr ref="a2"/></Owner></rConnector></endConnector></lcf><lcf id="a8"><points><p colinear="true" x="1183.688524590164" y="57" c1x="0" c1y="0" c2x="0" c2y="0"/><p colinear="true" x="1210.622950819672" y="88" c1x="0" c1y="0" c2x="0" c2y="0"/></points><startConnector><rConnector id="a9"><Owner><atrchave ref="99"/></Owner></rConnector></startConnector><endConnector><rConnector id="aa"><Owner><ent ref="8d"/></Owner></rConnector></endConnector></lcf><atr id="ab" nullable="false" attributeType="VARCHAR2(128)"><children><e id="ac" x="180" y="308" w="111.130859375" h="20"><a><fillColor><color rgba="#ffffebeb"/></fillColor></a></e><t id="ad" x="190.890625" y="311.015625"><a><text><string>chas_pochetok</string></text></a></t></children></atr><atr id="ae" nullable="false" attributeType="VARCHAR2(128)"><children><e id="af" x="5" y="245" w="80" h="20"><a><fillColor><color rgba="#ffffebeb"/></fillColor></a></e><t id="b0" x="16.810546875" y="248.015625"><a><text><string>chas_kraj</string></text></a></t></children></atr><rel id="b1"><children><diamond id="b2" x="140" y="369" w="80" h="57.58398370417672"><a><fillColor><color rgba="#ffddddff"/></fillColor></a></diamond><t id="b3" x="158.30859375" y="390.80761685208836"><a><text><string>sodrzhi</string></text></a></t></children></rel><ent id="b4"><children><r id="b5" x="8" y="374" w="127.015625" h="40"><a><fillColor><color rgba="#ffebffe8"/></fillColor></a></r><t id="b6" x="17.94140625" y="387.015625"><a><text><string>Rekreativen sport</string></text></a></t></children></ent><ent id="b7"><children><r id="b8" x="124" y="568" w="80" h="40"><a><fillColor><color rgba="#ffebffe8"/></fillColor></a></r><t id="b9" x="143.7763671875" y="581.015625"><a><text><string>Vezhbi</string></text></a></t></children></ent><atr id="ba" nullable="false" attributeType="VARCHAR2(128)"><children><e id="bb" x="64" y="310" w="80" h="20"><a><fillColor><color rgba="#ffffebeb"/></fillColor></a></e><t id="bc" x="69.728515625" y="313.015625"><a><text><string>naziv_sport</string></text></a></t></children></atr><atr id="bd" nullable="false" attributeType="VARCHAR2(128)"><children><e id="be" x="3" y="569" w="101.052734375" h="20"><a><fillColor><color rgba="#ffffebeb"/></fillColor></a></e><t id="bf" x="13" y="572.015625"><a><text><string>naziv_vezhba</string></text></a></t></children></atr><atrchave id="c0" nullable="false" attributeType="NUMBER"><children><e id="c1" x="7" y="528" w="80" h="20"><a><fillColor><color rgba="#ffffebeb"/></fillColor></a></e><t id="c2" x="13.560546875" y="531.015625"><a><fontUnderlined><boolean>true</boolean></fontUnderlined><fontBold><boolean>true</boolean></fontBold><text><string>vezhba_id</string></text></a></t></children></atrchave><atr id="c3" nullable="false" attributeType="VARCHAR2(128)"><children><e id="c4" x="10" y="612" w="80" h="20"><a><fillColor><color rgba="#ffffebeb"/></fillColor></a></e><t id="c5" x="10.302734375" y="615.015625"><a><text><string>povtoruvanja</string></text></a></t></children></atr><atrchave id="c6" nullable="false" attributeType="NUMBER"><children><e id="c7" x="-3" y="330" w="80" h="20"><a><fillColor><color rgba="#ffffebeb"/></fillColor></a></e><t id="c8" x="9.8330078125" y="333.015625"><a><fontUnderlined><boolean>true</boolean></fontUnderlined><fontBold><boolean>true</boolean></fontBold><text><string>sport_id</string></text></a></t></children></atrchave><lcf id="c9"><points><p colinear="true" x="43.39033564814815" y="350" c1x="0" c1y="0" c2x="0" c2y="0"/><p colinear="true" x="58.7271412037037" y="374" c1x="0" c1y="0" c2x="0" c2y="0"/></points><startConnector><rConnector id="ca"><Owner><atrchave ref="c6"/></Owner></rConnector></startConnector><endConnector><rConnector id="cb"><Owner><ent ref="b4"/></Owner></rConnector></endConnector></lcf><lcf id="cc"><points><p colinear="true" x="99.60916385135135" y="330" c1x="0" c1y="0" c2x="0" c2y="0"/><p colinear="true" x="80.2894847972973" y="374" c1x="0" c1y="0" c2x="0" c2y="0"/></points><startConnector><rConnector id="cd"><Owner><atr ref="ba"/></Owner></rConnector></startConnector><endConnector><rConnector id="ce"><Owner><ent ref="b4"/></Owner></rConnector></endConnector></lcf><lcf id="cf"><points><p colinear="true" x="70.4" y="548" c1x="0" c1y="0" c2x="0" c2y="0"/><p colinear="true" x="124" y="570.9059829059829" c1x="0" c1y="0" c2x="0" c2y="0"/></points><startConnector><rConnector id="d0"><Owner><atrchave ref="c0"/></Owner></rConnector></startConnector><endConnector><rConnector id="d1"><Owner><ent ref="b7"/></Owner></rConnector></endConnector></lcf><lcf id="d2"><points><p colinear="true" x="104.052734375" y="583.1162519337016" c1x="0" c1y="0" c2x="0" c2y="0"/><p colinear="true" x="124" y="584.7413038674033" c1x="0" c1y="0" c2x="0" c2y="0"/></points><startConnector><rConnector id="d3"><Owner><atr ref="bd"/></Owner></rConnector></startConnector><endConnector><rConnector id="d4"><Owner><ent ref="b7"/></Owner></rConnector></endConnector></lcf><lcf id="d5"><points><p colinear="true" x="124" y="599.9298245614035" c1x="0" c1y="0" c2x="0" c2y="0"/><p colinear="true" x="83.52941176470588" y="612" c1x="0" c1y="0" c2x="0" c2y="0"/></points><startConnector><rConnector id="d6"><Owner><ent ref="b7"/></Owner></rConnector></startConnector><endConnector><rConnector id="d7"><Owner><atr ref="c3"/></Owner></rConnector></endConnector></lcf><atr id="d8" nullable="false" attributeType="VARCHAR2(128)"><children><e id="d9" x="225" y="453" w="109.765625" h="20"><a><fillColor><color rgba="#ffffebeb"/></fillColor></a></e><t id="da" x="263.8603515625" y="456.015625"><a><text><string>metri</string></text></a></t></children></atr><lcf id="db"><points><p colinear="true" x="1251.1544682017543" y="88" c1x="0" c1y="0" c2x="0" c2y="0"/><p colinear="true" x="1282.4130002741229" y="61" c1x="0" c1y="0" c2x="0" c2y="0"/></points><startConnector><rConnector id="dc"><Owner><ent ref="8d"/></Owner></rConnector></startConnector><endConnector><rConnector id="dd"><Owner><atr ref="9c"/></Owner></rConnector></endConnector></lcf><lcf id="de"><points><p colinear="true" x="1216.6898400648586" y="151" c1x="0" c1y="0" c2x="0" c2y="0"/><p colinear="true" x="1222.739460495283" y="128" c1x="0" c1y="0" c2x="0" c2y="0"/></points><startConnector><rConnector id="df"><Owner><atr ref="9f"/></Owner></rConnector></startConnector><endConnector><rConnector id="e0"><Owner><ent ref="8d"/></Owner></rConnector></endConnector></lcf><ent id="e1"><children><r id="e2" x="1106" y="539" w="122.357421875" h="40"><a><fillColor><color rgba="#ffebffe8"/></fillColor></a></r><t id="e3" x="1116.9052734375" y="552.015625"><a><text><string>Fitnes_instruktor</string></text></a></t></children></ent><ent id="e4"><children><r id="e5" x="683" y="433" w="148.736328125" h="40"><a><fillColor><color rgba="#ffebffe8"/></fillColor></a></r><t id="e6" x="694.4501953125" y="446.015625"><a><text><string>Programi_na_ishrana</string></text></a></t></children></ent><ent id="e7"><children><r id="e8" x="1086" y="324" w="158.580078125" h="40"><a><fillColor><color rgba="#ffebffe8"/></fillColor></a></r><t id="e9" x="1098.2060546875" y="337.015625"><a><text><string>Programi_za_vezbanje</string></text></a></t></children></ent><atr id="ea" nullable="false" attributeType="VARCHAR2(128)"><children><e id="eb" x="1121" y="606" w="104.263671875" h="20"><a><fillColor><color rgba="#ffffebeb"/></fillColor></a></e><t id="ec" x="1132.16015625" y="609.015625"><a><text><string>data_ragjanje</string></text></a></t></children></atr><atrchave id="ed" nullable="false" attributeType="NUMBER"><children><e id="ee" x="987" y="603" w="108.494140625" h="20"><a><fillColor><color rgba="#ffffebeb"/></fillColor></a></e><t id="ef" x="997.9580078125" y="606.015625"><a><fontUnderlined><boolean>true</boolean></fontUnderlined><fontBold><boolean>true</boolean></fontBold><text><string>id_instruktor</string></text></a></t></children></atrchave><lcf id="f0"><points><p colinear="true" x="1064.5677445023148" y="603" c1x="0" c1y="0" c2x="0" c2y="0"/><p colinear="true" x="1120.5373625578704" y="579" c1x="0" c1y="0" c2x="0" c2y="0"/></points><startConnector><rConnector id="f1"><Owner><atrchave ref="ed"/></Owner></rConnector></startConnector><endConnector><rConnector id="f2"><Owner><ent ref="e1"/></Owner></rConnector></endConnector></lcf><lcf id="f3"><points><p colinear="true" x="1172.0874280427631" y="606" c1x="0" c1y="0" c2x="0" c2y="0"/><p colinear="true" x="1169.2675267269738" y="579" c1x="0" c1y="0" c2x="0" c2y="0"/></points><startConnector><rConnector id="f4"><Owner><atr ref="ea"/></Owner></rConnector></startConnector><endConnector><rConnector id="f5"><Owner><ent ref="e1"/></Owner></rConnector></endConnector></lcf><rel id="f6"><children><diamond id="f7" x="1219" y="400" w="80" h="40"><a><fillColor><color rgba="#ffddddff"/></fillColor></a></diamond><t id="f8" x="1245.2333984375" y="413.015625"><a><text><string>Nudi</string></text></a></t></children></rel><llabelMuitos id="f9"><points><p colinear="true" x="1180.3904072054856" y="539" c1x="0" c1y="0" c2x="0" c2y="0"/><p colinear="true" x="1245.7883037320144" y="440" c1x="0" c1y="0" c2x="0" c2y="0"/></points><startConnector><rConnector id="fa"><Owner><ent ref="e1"/></Owner></rConnector></startConnector><endConnector><rConnector id="fb"><Owner><rel ref="f6"/></Owner></rConnector></endConnector></llabelMuitos><llabelMuitos id="fc"><points><p colinear="true" x="1234.3394839638158" y="400" c1x="0" c1y="0" c2x="0" c2y="0"/><p colinear="true" x="1189.9505550986842" y="364" c1x="0" c1y="0" c2x="0" c2y="0"/></points><startConnector><rConnector id="fd"><Owner><rel ref="f6"/></Owner></rConnector></startConnector><endConnector><rConnector id="fe"><Owner><ent ref="e7"/></Owner></rConnector></endConnector></llabelMuitos><rel id="ff"><children><diamond id="100" x="894" y="548" w="80" h="40"><a><fillColor><color rgba="#ffddddff"/></fillColor></a></diamond><t id="101" x="904.2666015625" y="561.015625"><a><text><string>Ponuduva</string></text></a></t></children></rel><llabelMuitos id="102"><points><p colinear="true" x="974" y="566.4561197780337" c1x="0" c1y="0" c2x="0" c2y="0"/><p colinear="true" x="1106" y="561.361315045545" c1x="0" c1y="0" c2x="0" c2y="0"/></points><startConnector><rConnector id="103"><Owner><rel ref="ff"/></Owner></rConnector></startConnector><endConnector><rConnector id="104"><Owner><ent ref="e1"/></Owner></rConnector></endConnector></llabelMuitos><llabelMuitos id="105"><points><p colinear="true" x="788.0867442255435" y="473" c1x="0" c1y="0" c2x="0" c2y="0"/><p colinear="true" x="903.2814198369565" y="548" c1x="0" c1y="0" c2x="0" c2y="0"/></points><startConnector><rConnector id="106"><Owner><ent ref="e4"/></Owner></rConnector></startConnector><endConnector><rConnector id="107"><Owner><rel ref="ff"/></Owner></rConnector></endConnector></llabelMuitos><rel id="108"><children><diamond id="109" x="558" y="360" w="80" h="40"><a><fillColor><color rgba="#ffddddff"/></fillColor></a></diamond><t id="10a" x="586.0966796875" y="373.015625"><a><text><string>Drzi</string></text></a></t></children></rel><rel id="10b"><children><diamond id="10c" x="1034" y="225" w="80" h="40"><a><fillColor><color rgba="#ffddddff"/></fillColor></a></diamond><t id="10d" x="1042.2392578125" y="238.015625"><a><text><string>Praktikuva</string></text></a></t></children></rel><rel id="10e"><children><diamond id="10f" x="996" y="456" w="80" h="40"><a><fillColor><color rgba="#ffddddff"/></fillColor></a></diamond><t id="110" x="1009.3369140625" y="469.015625"><a><text><string>Obucuva</string></text></a></t></children></rel><ent id="111"><children><r id="112" x="98" y="235" w="132.212890625" h="40"><a><fillColor><color rgba="#ffebffe8"/></fillColor></a></r><t id="113" x="105.890625" y="248.015625"><a><text><string>dnevnik_za_trening</string></text></a></t></children></ent><ent id="114"><children><r id="115" x="391" y="72" w="133.525390625" h="40"><a><fillColor><color rgba="#ffebffe8"/></fillColor></a></r><t id="116" x="398.919921875" y="85.015625"><a><text><string>dnevnik_za_ishrana</string></text></a></t></children></ent><lcf id="117"><points><p colinear="true" x="224.2227337549603" y="308" c1x="0" c1y="0" c2x="0" c2y="0"/><p colinear="true" x="186.79183717757937" y="275" c1x="0" c1y="0" c2x="0" c2y="0"/></points><startConnector><rConnector id="118"><Owner><atr ref="ab"/></Owner></rConnector></startConnector><endConnector><rConnector id="119"><Owner><ent ref="111"/></Owner></rConnector></endConnector></lcf><lcf id="11a"><points><p colinear="true" x="85" y="255" c1x="0" c1y="0" c2x="0" c2y="0"/><p colinear="true" x="98" y="255" c1x="0" c1y="0" c2x="0" c2y="0"/></points><startConnector><rConnector id="11b"><Owner><atr ref="ae"/></Owner></rConnector></startConnector><endConnector><rConnector id="11c"><Owner><ent ref="111"/></Owner></rConnector></endConnector></lcf><lcf id="11d"><points><p colinear="true" x="481.71412954757466" y="72" c1x="0" c1y="0" c2x="0" c2y="0"/><p colinear="true" x="526.0242828824627" y="35" c1x="0" c1y="0" c2x="0" c2y="0"/></points><startConnector><rConnector id="11e"><Owner><ent ref="114"/></Owner></rConnector></startConnector><endConnector><rConnector id="11f"><Owner><atr ref="f"/></Owner></rConnector></endConnector></lcf><rel id="120"><children><diamond id="121" x="233" y="519" w="80" h="40"><a><fillColor><color rgba="#ffddddff"/></fillColor></a></diamond><t id="122" x="250.7666015625" y="532.015625"><a><text><string>Vezhba</string></text></a></t></children></rel><llabelMuitos id="123"><points><p colinear="true" x="204" y="570.0183486238532" c1x="0" c1y="0" c2x="0" c2y="0"/><p colinear="true" x="233" y="556.9816513761468" c1x="0" c1y="0" c2x="0" c2y="0"/></points><startConnector><rConnector id="124"><Owner><ent ref="b7"/></Owner></rConnector></startConnector><endConnector><rConnector id="125"><Owner><rel ref="120"/></Owner></rConnector></endConnector></llabelMuitos><ent id="126"><children><r id="127" x="318" y="398" w="147.623046875" h="40"><a><fillColor><color rgba="#ffebffe8"/></fillColor></a></r><t id="128" x="329.6171875" y="411.015625"><a><text><string>Dnevnik_za_trchanje</string></text></a></t></children></ent><lcf id="129"><points><p colinear="true" x="342.0654296875" y="438" c1x="0" c1y="0" c2x="0" c2y="0"/><p colinear="true" x="304.755859375" y="453" c1x="0" c1y="0" c2x="0" c2y="0"/></points><startConnector><rConnector id="12a"><Owner><ent ref="126"/></Owner></rConnector></startConnector><endConnector><rConnector id="12b"><Owner><atr ref="d8"/></Owner></rConnector></endConnector></lcf><ent id="12c"><children><r id="12d" x="126" y="463" w="80" h="40"><a><fillColor><color rgba="#ffebffe8"/></fillColor></a></r><t id="12e" x="143.095703125" y="476.015625"><a><text><string>Trening</string></text></a></t></children></ent><llabelMuitos id="12f"><points><p colinear="true" x="234.78571428571428" y="519" c1x="0" c1y="0" c2x="0" c2y="0"/><p colinear="true" x="204.21428571428572" y="503" c1x="0" c1y="0" c2x="0" c2y="0"/></points><startConnector><rConnector id="130"><Owner><rel ref="120"/></Owner></rConnector></startConnector><endConnector><rConnector id="131"><Owner><ent ref="12c"/></Owner></rConnector></endConnector></llabelMuitos><rel id="132"><children><diamond id="133" x="15" y="465" w="80" h="40"><a><fillColor><color rgba="#ffddddff"/></fillColor></a></diamond><t id="134" x="27.8623046875" y="478.015625"><a><text><string>Sportuva</string></text></a></t></children></rel><llabelMuitos id="135"><points><p colinear="true" x="570" y="94.21175693272863" c1x="0" c1y="0" c2x="0" c2y="0"/><p colinear="true" x="524.525390625" y="93.3156307933107" c1x="0" c1y="0" c2x="0" c2y="0"/></points><startConnector><rConnector id="136"><Owner><rel ref="15"/></Owner></rConnector></startConnector><endConnector><rConnector id="137"><Owner><ent ref="114"/></Owner></rConnector></endConnector></llabelMuitos><atrchave id="138" nullable="false" attributeType="NUMBER"><children><e id="139" x="114" y="526" w="80" h="20"><a><fillColor><color rgba="#ffffebeb"/></fillColor></a></e><t id="13a" x="119.857421875" y="529.015625"><a><fontUnderlined><boolean>true</boolean></fontUnderlined><fontBold><boolean>true</boolean></fontBold><text><string>id_trening</string></text></a></t></children></atrchave><llabelUm id="13b"><points><p colinear="true" x="161.47169811320754" y="503" c1x="0" c1y="0" c2x="0" c2y="0"/><p colinear="true" x="156.26415094339623" y="526" c1x="0" c1y="0" c2x="0" c2y="0"/></points><startConnector><rConnector id="13c"><Owner><ent ref="12c"/></Owner></rConnector></startConnector><endConnector><rConnector id="13d"><Owner><atrchave ref="138"/></Owner></rConnector></endConnector></llabelUm><atr id="13e" nullable="false" attributeType="VARCHAR2(128)"><children><e id="13f" x="461" y="459" w="80" h="20"><a><fillColor><color rgba="#ffffebeb"/></fillColor></a></e><t id="140" x="481.7548828125" y="462.015625"><a><text><string>vreme</string></text></a></t></children></atr><lcf id="141"><points><p colinear="true" x="434.6305338541667" y="438" c1x="0" c1y="0" c2x="0" c2y="0"/><p colinear="true" x="479.5904947916667" y="459" c1x="0" c1y="0" c2x="0" c2y="0"/></points><startConnector><rConnector id="142"><Owner><ent ref="126"/></Owner></rConnector></startConnector><endConnector><rConnector id="143"><Owner><atr ref="13e"/></Owner></rConnector></endConnector></lcf><atrchave id="144" nullable="false" attributeType="NUMBER"><children><e id="145" x="1145" y="265" w="104.662109375" h="20"><a><fillColor><color rgba="#ffffebeb"/></fillColor></a></e><t id="146" x="1155" y="268.015625"><a><fontUnderlined><boolean>true</boolean></fontUnderlined><fontBold><boolean>true</boolean></fontBold><text><string>programa_id</string></text></a></t></children></atrchave><atr id="147" nullable="false" attributeType="VARCHAR2(128)"><children><e id="148" x="908" y="335" w="151.783203125" h="20"><a><fillColor><color rgba="#ffffebeb"/></fillColor></a></e><t id="149" x="918" y="338.015625"><a><text><string>ime_programa_zezhbi</string></text></a></t></children></atr><atr id="14a" nullable="false" attributeType="VARCHAR2(128)"><children><e id="14b" x="1009" y="283" w="80" h="20"><a><fillColor><color rgba="#ffffebeb"/></fillColor></a></e><t id="14c" x="1026.857421875" y="286.015625"><a><text><string>tezhina</string></text></a></t></children></atr><atr id="14d" nullable="false" attributeType="VARCHAR2(128)"><children><e id="14e" x="1095" y="398" w="105.927734375" h="20"><a><fillColor><color rgba="#ffffebeb"/></fillColor></a></e><t id="14f" x="1105" y="401.015625"><a><text><string>potrebno_nivo</string></text></a></t></children></atr><lcf id="150"><points><p colinear="true" x="1192.6874292346015" y="285" c1x="0" c1y="0" c2x="0" c2y="0"/><p colinear="true" x="1174.577289968297" y="324" c1x="0" c1y="0" c2x="0" c2y="0"/></points><startConnector><rConnector id="151"><Owner><atrchave ref="144"/></Owner></rConnector></startConnector><endConnector><rConnector id="152"><Owner><ent ref="e7"/></Owner></rConnector></endConnector></lcf><lcf id="153"><points><p colinear="true" x="1071.8019684436274" y="303" c1x="0" c1y="0" c2x="0" c2y="0"/><p colinear="true" x="1119.6861021752452" y="324" c1x="0" c1y="0" c2x="0" c2y="0"/></points><startConnector><rConnector id="154"><Owner><atr ref="14a"/></Owner></rConnector></startConnector><endConnector><rConnector id="155"><Owner><ent ref="e7"/></Owner></rConnector></endConnector></lcf><lcf id="156"><points><p colinear="true" x="1059.783203125" y="344.5816303458375" c1x="-92.580078125" c1y="-20.814312985984998" c2x="-92.580078125" c2y="-20.814312985984998"/><p colinear="true" x="1086" y="344.43710431112453" c1x="-92.580078125" c1y="-20.814312985984998" c2x="-92.580078125" c2y="-20.814312985984998"/></points><startConnector><rConnector id="157"><Owner><atr ref="147"/></Owner></rConnector></startConnector><endConnector><rConnector id="158"><Owner><ent ref="e7"/></Owner></rConnector></endConnector></lcf><lcf id="159"><points><p colinear="true" x="1150.6710815429688" y="398" c1x="0" c1y="0" c2x="0" c2y="0"/><p colinear="true" x="1159.8756103515625" y="364" c1x="0" c1y="0" c2x="0" c2y="0"/></points><startConnector><rConnector id="15a"><Owner><atr ref="14d"/></Owner></rConnector></startConnector><endConnector><rConnector id="15b"><Owner><ent ref="e7"/></Owner></rConnector></endConnector></lcf><atr id="15c" nullable="false" attributeType="VARCHAR2(128)"><children><e id="15d" x="6" y="102" w="80" h="20"><a><fillColor><color rgba="#ffffebeb"/></fillColor></a></e><t id="15e" x="33.30859375" y="105.015625"><a><text><string>nivo</string></text></a></t></children></atr><lcf id="15f"><points><p colinear="true" x="86" y="108.28571428571429" c1x="0" c1y="0" c2x="0" c2y="0"/><p colinear="true" x="146" y="102.71428571428572" c1x="0" c1y="0" c2x="0" c2y="0"/></points><startConnector><rConnector id="160"><Owner><atr ref="15c"/></Owner></rConnector></startConnector><endConnector><rConnector id="161"><Owner><ent ref="0"/></Owner></rConnector></endConnector></lcf><rel id="162"><children><diamond id="163" x="682" y="607" w="80" h="40"><a><fillColor><color rgba="#ffddddff"/></fillColor></a></diamond><t id="164" x="699.6259765625" y="620.015625"><a><text><string>Sodrzhi</string></text></a></t></children></rel><llabelMuitos id="165"><points><p colinear="true" x="753.327917954947" y="607" c1x="0" c1y="0" c2x="0" c2y="0"/><p colinear="true" x="1133.962121107553" y="364" c1x="0" c1y="0" c2x="0" c2y="0"/></points><startConnector><rConnector id="166"><Owner><rel ref="162"/></Owner></rConnector></startConnector><endConnector><rConnector id="167"><Owner><ent ref="e7"/></Owner></rConnector></endConnector></llabelMuitos><atrchave id="168" nullable="false" attributeType="NUMBER"><children><e id="169" x="593" y="483" w="104.662109375" h="20"><a><fillColor><color rgba="#ffffebeb"/></fillColor></a></e><t id="16a" x="603" y="486.015625"><a><fontUnderlined><boolean>true</boolean></fontUnderlined><fontBold><boolean>true</boolean></fontBold><text><string>programa_id</string></text></a></t></children></atrchave><atr id="16b" nullable="false" attributeType="VARCHAR2(128)"><children><e id="16c" x="685" y="515" w="135.37109375" h="20"><a><fillColor><color rgba="#ffffebeb"/></fillColor></a></e><t id="16d" x="695" y="518.015625"><a><text><string>ime_programa_ishr</string></text></a></t></children></atr><lcf id="16e"><points><p colinear="true" x="673.34033203125" y="483" c1x="0" c1y="0" c2x="0" c2y="0"/><p colinear="true" x="701.349609375" y="473" c1x="0" c1y="0" c2x="0" c2y="0"/></points><startConnector><rConnector id="16f"><Owner><atrchave ref="168"/></Owner></rConnector></startConnector><endConnector><rConnector id="170"><Owner><ent ref="e4"/></Owner></rConnector></endConnector></lcf><lcf id="171"><points><p colinear="true" x="756.0674370659722" y="473" c1x="0" c1y="0" c2x="0" c2y="0"/><p colinear="true" x="753.3359103732639" y="515" c1x="0" c1y="0" c2x="0" c2y="0"/></points><startConnector><rConnector id="172"><Owner><ent ref="e4"/></Owner></rConnector></startConnector><endConnector><rConnector id="173"><Owner><atr ref="16b"/></Owner></rConnector></endConnector></lcf><rel id="174"><children><diamond id="175" x="791" y="257" w="80" h="40"><a><fillColor><color rgba="#ffddddff"/></fillColor></a></diamond><t id="176" x="808.6259765625" y="270.015625"><a><text><string>Sodrzhi</string></text></a></t></children></rel><llabelMuitos id="177"><points><p colinear="true" x="822.6327459161931" y="297" c1x="0" c1y="0" c2x="0" c2y="0"/><p colinear="true" x="765.7354181463068" y="433" c1x="0" c1y="0" c2x="0" c2y="0"/></points><startConnector><rConnector id="178"><Owner><rel ref="174"/></Owner></rConnector></startConnector><endConnector><rConnector id="179"><Owner><ent ref="e4"/></Owner></rConnector></endConnector></llabelMuitos><atrchave id="17a" nullable="false" attributeType="NUMBER"><children><e id="17b" x="332" y="17" w="148.888671875" h="20"><a><fillColor><color rgba="#ffffebeb"/></fillColor></a></e><t id="17c" x="342" y="20.015625"><a><fontUnderlined><boolean>true</boolean></fontUnderlined><fontBold><boolean>true</boolean></fontBold><text><string>dnevnik_ishrana_id</string></text></a></t></children></atrchave><lcf id="17d"><points><p colinear="true" x="414.33946814903845" y="37" c1x="0" c1y="0" c2x="0" c2y="0"/><p colinear="true" x="441.9724308894231" y="72" c1x="0" c1y="0" c2x="0" c2y="0"/></points><startConnector><rConnector id="17e"><Owner><atrchave ref="17a"/></Owner></rConnector></startConnector><endConnector><rConnector id="17f"><Owner><ent ref="114"/></Owner></rConnector></endConnector></lcf><atrchave id="180" nullable="false" attributeType="NUMBER"><children><e id="181" x="318" y="488" w="154.63671875" h="20"><a><fillColor><color rgba="#ffffebeb"/></fillColor></a></e><t id="182" x="328" y="491.015625"><a><fontUnderlined><boolean>true</boolean></fontUnderlined><fontBold><boolean>true</boolean></fontBold><text><string>dnevnik_trchanje_id</string></text></a></t></children></atrchave><lcf id="183"><points><p colinear="true" x="392.688232421875" y="438" c1x="0" c1y="0" c2x="0" c2y="0"/><p colinear="true" x="394.8800048828125" y="488" c1x="0" c1y="0" c2x="0" c2y="0"/></points><startConnector><rConnector id="184"><Owner><ent ref="126"/></Owner></rConnector></startConnector><endConnector><rConnector id="185"><Owner><atrchave ref="180"/></Owner></rConnector></endConnector></lcf><atrchave id="186" nullable="false" attributeType="NUMBER"><children><e id="187" x="6" y="202" w="148.015625" h="20"><a><fillColor><color rgba="#ffffebeb"/></fillColor></a></e><t id="188" x="16" y="205.015625"><a><fontUnderlined><boolean>true</boolean></fontUnderlined><fontBold><boolean>true</boolean></fontBold><text><string>dnevnik_trening_id</string></text></a></t></children></atrchave><lcf id="189"><points><p colinear="true" x="99.56563408430233" y="222" c1x="0" c1y="0" c2x="0" c2y="0"/><p colinear="true" x="124.99080214389535" y="235" c1x="0" c1y="0" c2x="0" c2y="0"/></points><startConnector><rConnector id="18a"><Owner><atrchave ref="186"/></Owner></rConnector></startConnector><endConnector><rConnector id="18b"><Owner><ent ref="111"/></Owner></rConnector></endConnector></lcf><llabelUm id="18c"><points><p colinear="true" x="1067.609327936747" y="496" c1x="0" c1y="0" c2x="0" c2y="0"/><p colinear="true" x="1135.569383000753" y="539" c1x="0" c1y="0" c2x="0" c2y="0"/></points><startConnector><rConnector id="18d"><Owner><rel ref="10e"/></Owner></rConnector></startConnector><endConnector><rConnector id="18e"><Owner><ent ref="e1"/></Owner></rConnector></endConnector></llabelUm><llabelMuitos id="18f"><points><p colinear="true" x="226" y="116.74117647058824" c1x="0" c1y="0" c2x="0" c2y="0"/><p colinear="true" x="996" y="458.25882352941176" c1x="0" c1y="0" c2x="0" c2y="0"/></points><startConnector><rConnector id="190"><Owner><ent ref="0"/></Owner></rConnector></startConnector><endConnector><rConnector id="191"><Owner><rel ref="10e"/></Owner></rConnector></endConnector></llabelMuitos><llabelUm id="192"><points><p colinear="true" x="1092.4424321338383" y="265" c1x="0" c1y="0" c2x="0" c2y="0"/><p colinear="true" x="1146.8476069286617" y="324" c1x="0" c1y="0" c2x="0" c2y="0"/></points><startConnector><rConnector id="193"><Owner><rel ref="10b"/></Owner></rConnector></startConnector><endConnector><rConnector id="194"><Owner><ent ref="e7"/></Owner></rConnector></endConnector></llabelUm><llabelMuitos id="195"><points><p colinear="true" x="215.3238434163701" y="119" c1x="0" c1y="0" c2x="0" c2y="0"/><p colinear="true" x="568.6761565836299" y="360" c1x="0" c1y="0" c2x="0" c2y="0"/></points><startConnector><rConnector id="196"><Owner><ent ref="0"/></Owner></rConnector></startConnector><endConnector><rConnector id="197"><Owner><rel ref="108"/></Owner></rConnector></endConnector></llabelMuitos><llabelUm id="198"><points><p colinear="true" x="638" y="398.3223545127548" c1x="0" c1y="0" c2x="0" c2y="0"/><p colinear="true" x="713.7056533604452" y="433" c1x="0" c1y="0" c2x="0" c2y="0"/></points><startConnector><rConnector id="199"><Owner><rel ref="108"/></Owner></rConnector></startConnector><endConnector><rConnector id="19a"><Owner><ent ref="e4"/></Owner></rConnector></endConnector></llabelUm><llabelMuitos id="19b"><points><p colinear="true" x="226" y="105.57657657657657" c1x="0" c1y="0" c2x="0" c2y="0"/><p colinear="true" x="1034" y="238.42342342342343" c1x="0" c1y="0" c2x="0" c2y="0"/></points><startConnector><rConnector id="19c"><Owner><ent ref="0"/></Owner></rConnector></startConnector><endConnector><rConnector id="19d"><Owner><rel ref="10b"/></Owner></rConnector></endConnector></llabelMuitos><llabelUm id="19e"><points><p colinear="true" x="67.87972184065934" y="414" c1x="0" c1y="0" c2x="0" c2y="0"/><p colinear="true" x="58.628090659340664" y="465" c1x="0" c1y="0" c2x="0" c2y="0"/></points><startConnector><rConnector id="19f"><Owner><ent ref="b4"/></Owner></rConnector></startConnector><endConnector><rConnector id="1a0"><Owner><rel ref="132"/></Owner></rConnector></endConnector></llabelUm><llabelMuitos id="1a1"><points><p colinear="true" x="95" y="484.2792792792793" c1x="0" c1y="0" c2x="0" c2y="0"/><p colinear="true" x="126" y="483.7207207207207" c1x="0" c1y="0" c2x="0" c2y="0"/></points><startConnector><rConnector id="1a2"><Owner><rel ref="132"/></Owner></rConnector></startConnector><endConnector><rConnector id="1a3"><Owner><ent ref="12c"/></Owner></rConnector></endConnector></llabelMuitos><llabelUm id="1a4"><points><p colinear="true" x="169.2860761105218" y="463" c1x="0" c1y="0" c2x="0" c2y="0"/><p colinear="true" x="175.26936617002568" y="426.5839837041767" c1x="0" c1y="0" c2x="0" c2y="0"/></points><startConnector><rConnector id="1a5"><Owner><ent ref="12c"/></Owner></rConnector></startConnector><endConnector><rConnector id="1a6"><Owner><rel ref="b1"/></Owner></rConnector></endConnector></llabelUm><llabelMuitos id="1a7"><points><p colinear="true" x="176.7952887894635" y="369" c1x="0" c1y="0" c2x="0" c2y="0"/><p colinear="true" x="166.33255820319533" y="275" c1x="0" c1y="0" c2x="0" c2y="0"/></points><startConnector><rConnector id="1a8"><Owner><rel ref="b1"/></Owner></rConnector></startConnector><endConnector><rConnector id="1a9"><Owner><ent ref="111"/></Owner></rConnector></endConnector></llabelMuitos><atr id="1aa" nullable="false" attributeType="VARCHAR2(128)"><children><e id="1ab" x="-1" y="41" w="80" h="20"><a><fillColor><color rgba="#ffffebeb"/></fillColor></a></e><t id="1ac" x="8.8974609375" y="44.015625"><a><text><string>username</string></text></a></t></children></atr><atr id="1ad" nullable="false" attributeType="VARCHAR2(128)"><children><e id="1ae" x="5" y="72" w="80" h="20"><a><fillColor><color rgba="#ffffebeb"/></fillColor></a></e><t id="1af" x="16.4091796875" y="75.015625"><a><text><string>password</string></text></a></t></children></atr><lcf id="1b0"><points><p colinear="true" x="69.625" y="61" c1x="0" c1y="0" c2x="0" c2y="0"/><p colinear="true" x="146" y="85.93877551020408" c1x="0" c1y="0" c2x="0" c2y="0"/></points><startConnector><rConnector id="1b1"><Owner><atr ref="1aa"/></Owner></rConnector></startConnector><endConnector><rConnector id="1b2"><Owner><ent ref="0"/></Owner></rConnector></endConnector></lcf><lcf id="1b3"><points><p colinear="true" x="85" y="86.822695035461" c1x="0" c1y="0" c2x="0" c2y="0"/><p colinear="true" x="146" y="94.177304964539" c1x="0" c1y="0" c2x="0" c2y="0"/></points><startConnector><rConnector id="1b4"><Owner><atr ref="1ad"/></Owner></rConnector></startConnector><endConnector><rConnector id="1b5"><Owner><ent ref="0"/></Owner></rConnector></endConnector></lcf><atr id="1b6" nullable="false" attributeType="VARCHAR2(128)"><children><e id="1b7" x="6" y="283" w="80" h="20"><a><fillColor><color rgba="#ffffebeb"/></fillColor></a></e><t id="1b8" x="26.5146484375" y="286.015625"><a><text><string>datum</string></text></a></t></children></atr><lcf id="1b9"><points><p colinear="true" x="101.94515830592104" y="275" c1x="0" c1y="0" c2x="0" c2y="0"/><p colinear="true" x="77.08064350328947" y="283" c1x="0" c1y="0" c2x="0" c2y="0"/></points><startConnector><rConnector id="1ba"><Owner><ent ref="111"/></Owner></rConnector></startConnector><endConnector><rConnector id="1bb"><Owner><atr ref="1b6"/></Owner></rConnector></endConnector></lcf><atr id="1bc" nullable="false" attributeType="VARCHAR2(128)"><children><e id="1bd" x="1254" y="564" w="80" h="20"><a><fillColor><color rgba="#ffffebeb"/></fillColor></a></e><t id="1be" x="1263.8974609375" y="567.015625"><a><text><string>username</string></text></a></t></children></atr><atr id="1bf" nullable="false" attributeType="VARCHAR2(128)"><children><e id="1c0" x="1246" y="601" w="80" h="20"><a><fillColor><color rgba="#ffffebeb"/></fillColor></a></e><t id="1c1" x="1257.4091796875" y="604.015625"><a><text><string>password</string></text></a></t></children></atr><lcf id="1c2"><points><p colinear="true" x="1228.357421875" y="566.2360143225658" c1x="0" c1y="0" c2x="0" c2y="0"/><p colinear="true" x="1254" y="569.2689331228584" c1x="0" c1y="0" c2x="0" c2y="0"/></points><startConnector><rConnector id="1c3"><Owner><ent ref="e1"/></Owner></rConnector></startConnector><endConnector><rConnector id="1c4"><Owner><atr ref="1bc"/></Owner></rConnector></endConnector></lcf><lcf id="1c5"><points><p colinear="true" x="1212.8792067307693" y="579" c1x="0" c1y="0" c2x="0" c2y="0"/><p colinear="true" x="1263.1497521033655" y="601" c1x="0" c1y="0" c2x="0" c2y="0"/></points><startConnector><rConnector id="1c6"><Owner><ent ref="e1"/></Owner></rConnector></startConnector><endConnector><rConnector id="1c7"><Owner><atr ref="1bf"/></Owner></rConnector></endConnector></lcf><llabelMuitos id="1c8"><points><p colinear="true" x="742.7608695652174" y="113" c1x="0" c1y="0" c2x="0" c2y="0"/><p colinear="true" x="820.2391304347826" y="257" c1x="0" c1y="0" c2x="0" c2y="0"/></points><startConnector><rConnector id="1c9"><Owner><ent ref="12"/></Owner></rConnector></startConnector><endConnector><rConnector id="1ca"><Owner><rel ref="174"/></Owner></rConnector></endConnector></llabelMuitos><llabelMuitos id="1cb"><points><p colinear="true" x="206" y="493.35971223021585" c1x="0" c1y="0" c2x="0" c2y="0"/><p colinear="true" x="682" y="616.6402877697842" c1x="0" c1y="0" c2x="0" c2y="0"/></points><startConnector><rConnector id="1cc"><Owner><ent ref="12c"/></Owner></rConnector></startConnector><endConnector><rConnector id="1cd"><Owner><rel ref="162"/></Owner></rConnector></endConnector></llabelMuitos><atr id="1ce" nullable="false" attributeType="VARCHAR2(128)"><children><e id="1cf" x="492" y="128" w="80" h="20"><a><fillColor><color rgba="#ffffebeb"/></fillColor></a></e><t id="1d0" x="512.5146484375" y="131.015625"><a><text><string>datum</string></text></a></t></children></atr><lcf id="1d1"><points><p colinear="true" x="490.03978430706525" y="112" c1x="0" c1y="0" c2x="0" c2y="0"/><p colinear="true" x="515.8614555027174" y="128" c1x="0" c1y="0" c2x="0" c2y="0"/></points><startConnector><rConnector id="1d2"><Owner><ent ref="114"/></Owner></rConnector></startConnector><endConnector><rConnector id="1d3"><Owner><atr ref="1ce"/></Owner></rConnector></endConnector></lcf><rel id="1d4"><children><diamond id="1d5" x="154" y="168" w="80" h="40"><a><fillColor><color rgba="#ffddddff"/></fillColor></a></diamond><t id="1d6" x="180.7490234375" y="181.015625"><a><text><string>Vodi</string></text></a></t></children></rel><llabelUm id="1d7"><points><p colinear="true" x="187.79775280898878" y="119" c1x="0" c1y="0" c2x="0" c2y="0"/><p colinear="true" x="192.20224719101122" y="168" c1x="0" c1y="0" c2x="0" c2y="0"/></points><startConnector><rConnector id="1d8"><Owner><ent ref="0"/></Owner></rConnector></startConnector><endConnector><rConnector id="1d9"><Owner><rel ref="1d4"/></Owner></rConnector></endConnector></llabelUm><llabelMuitos id="1da"><points><p colinear="true" x="185.07655083955223" y="208" c1x="0" c1y="0" c2x="0" c2y="0"/><p colinear="true" x="173.02989447294777" y="235" c1x="0" c1y="0" c2x="0" c2y="0"/></points><startConnector><rConnector id="1db"><Owner><rel ref="1d4"/></Owner></rConnector></startConnector><endConnector><rConnector id="1dc"><Owner><ent ref="111"/></Owner></rConnector></endConnector></llabelMuitos><rel id="1dd"><children><diamond id="1de" x="345" y="322" w="80" h="40"><a><fillColor><color rgba="#ffddddff"/></fillColor></a></diamond><t id="1df" x="371.7490234375" y="335.015625"><a><text><string>Vodi</string></text></a></t></children></rel><llabelUm id="1e0"><points><p colinear="true" x="202.37860082304525" y="119" c1x="0" c1y="0" c2x="0" c2y="0"/><p colinear="true" x="368.62139917695475" y="322" c1x="0" c1y="0" c2x="0" c2y="0"/></points><startConnector><rConnector id="1e1"><Owner><ent ref="0"/></Owner></rConnector></startConnector><endConnector><rConnector id="1e2"><Owner><rel ref="1dd"/></Owner></rConnector></endConnector></llabelUm><llabelMuitos id="1e3"><points><p colinear="true" x="386.7925061677632" y="362" c1x="0" c1y="0" c2x="0" c2y="0"/><p colinear="true" x="390.0190172697368" y="398" c1x="0" c1y="0" c2x="0" c2y="0"/></points><startConnector><rConnector id="1e4"><Owner><rel ref="1dd"/></Owner></rConnector></startConnector><endConnector><rConnector id="1e5"><Owner><ent ref="126"/></Owner></rConnector></endConnector></llabelMuitos><rel id="1e6"><children><diamond id="1e7" x="354" y="138" w="80" h="40"><a><fillColor><color rgba="#ffddddff"/></fillColor></a></diamond><t id="1e8" x="380.7490234375" y="151.015625"><a><text><string>Vodi</string></text></a></t></children></rel><llabelUm id="1e9"><points><p colinear="true" x="226" y="110.34615384615384" c1x="0" c1y="0" c2x="0" c2y="0"/><p colinear="true" x="354" y="146.65384615384616" c1x="0" c1y="0" c2x="0" c2y="0"/></points><startConnector><rConnector id="1ea"><Owner><ent ref="0"/></Owner></rConnector></startConnector><endConnector><rConnector id="1eb"><Owner><rel ref="1e6"/></Owner></rConnector></endConnector></llabelUm><llabelMuitos id="1ec"><points><p colinear="true" x="413.32202888257575" y="138" c1x="0" c1y="0" c2x="0" c2y="0"/><p colinear="true" x="438.44066642992425" y="112" c1x="0" c1y="0" c2x="0" c2y="0"/></points><startConnector><rConnector id="1ed"><Owner><rel ref="1e6"/></Owner></rConnector></startConnector><endConnector><rConnector id="1ee"><Owner><ent ref="114"/></Owner></rConnector></endConnector></llabelMuitos><atr id="1ef" nullable="false" attributeType="VARCHAR2(128)"><children><e id="1f0" x="482" y="409" w="80" h="20"><a><fillColor><color rgba="#ffffebeb"/></fillColor></a></e><t id="1f1" x="502.5146484375" y="412.015625"><a><text><string>datum</string></text></a></t></children></atr><lcf id="1f2"><points><p colinear="true" x="465.623046875" y="418.5669589612416" c1x="0" c1y="0" c2x="0" c2y="0"/><p colinear="true" x="482" y="418.6927531448546" c1x="0" c1y="0" c2x="0" c2y="0"/></points><startConnector><rConnector id="1f3"><Owner><ent ref="126"/></Owner></rConnector></startConnector><endConnector><rConnector id="1f4"><Owner><atr ref="1ef"/></Owner></rConnector></endConnector></lcf><atr id="1f5" nullable="false" attributeType="VARCHAR2(128)"><children><e id="1f6" x="86" y="25" w="80" h="20"><a><fillColor><color rgba="#ffffebeb"/></fillColor></a></e><t id="1f7" x="109.453125" y="28.015625"><a><text><string>email</string></text></a></t></children></atr><lcf id="1f8"><points><p colinear="true" x="135.375" y="45" c1x="0" c1y="0" c2x="0" c2y="0"/><p colinear="true" x="167.25" y="79" c1x="0" c1y="0" c2x="0" c2y="0"/></points><startConnector><rConnector id="1f9"><Owner><atr ref="1f5"/></Owner></rConnector></startConnector><endConnector><rConnector id="1fa"><Owner><ent ref="0"/></Owner></rConnector></endConnector></lcf><atr id="1fb" nullable="false" attributeType="VARCHAR2(128)"><children><e id="1fc" x="1251" y="517" w="80" h="20"><a><fillColor><color rgba="#ffffebeb"/></fillColor></a></e><t id="1fd" x="1274.453125" y="520.015625"><a><text><string>email</string></text></a></t></children></atr><lcf id="1fe"><points><p colinear="true" x="1228.357421875" y="543.1891587074996" c1x="0" c1y="0" c2x="0" c2y="0"/><p colinear="true" x="1252.3058471679688" y="537" c1x="0" c1y="0" c2x="0" c2y="0"/></points><startConnector><rConnector id="1ff"><Owner><ent ref="e1"/></Owner></rConnector></startConnector><endConnector><rConnector id="200"><Owner><atr ref="1fb"/></Owner></rConnector></endConnector></lcf></figures></drawing>